name,mean,std
VOFF,-4.16,0.01177
U0,0.2991,0.01969
NS0ACCS,5.52e+16,8.848e+15
NFACTOR,1.196,0.1503
ETA0,-0.01115,0.01772
VSAT,1.654e+05,1.7e+04
VDSCALE,179,126.5
CDSCD,0.08702,0.01965
LAMBDA,0.0422,0.003366
MEXPACCD,2.624,0.1735
DELTA,12.36,1.278
