{
  "hparams": {
    "tag": "final"
  },
  "metrics": {
    "final/test_val_sup_post": 0.8540809590692061,
    "final/test_val_cyc_sim_post": 0.27023641246887525,
    "final/test_val_prior_l2_post": 0.7402025153291198,
    "final/test_val_prior_bnd_post": 0.00401704362498716,
    "final/test_val_kl": 0.34043929835345277,
    "final/test_val_total_post": 3.734106928524226,
    "final/test_val_sup_prior": 0.8392197019350004,
    "final/test_val_cyc_sim_iv_prior": 0.1468691355376433,
    "final/test_val_cyc_sim_gm_prior": 0.18362503363844843,
    "final/test_val_cyc_sim_prior": 0.3304941694636943,
    "final/test_val_cyc_sim_iv_post": 0.12296105875255679,
    "final/test_val_cyc_sim_gm_post": 0.14727535306893985,
    "final/test_val_phys_sim": 0.0,
    "final/test_val_phys_meas": 0.0,
    "final/test_val_cyc_meas_iv": 0.025086546316742897,
    "final/test_val_cyc_meas_gm": 0.05237169563770294,
    "final/test_val_cyc_meas": 0.07745824009180069,
    "final/test_val_prior_l2_prior": 0.6641715290044192,
    "final/test_val_prior_bnd_prior": 0.00013808259842245412,
    "final/test_val_total_prior": 4.158550316697152
  }
}