{
  "hparams": {
    "tag": "final"
  },
  "metrics": {
    "final/test_val_sup_post": 0.863551227197418,
    "final/test_val_cyc_sim_post": 0.502232554937904,
    "final/test_val_prior_l2_post": 0.26506043015549824,
    "final/test_val_prior_bnd_post": 2.6703866471829045e-05,
    "final/test_val_kl": 2.7586157208318047,
    "final/test_val_total_post": 7.267835508332579,
    "final/test_val_sup_prior": 0.8619865291782467,
    "final/test_val_cyc_sim_iv_prior": 0.23750857733150693,
    "final/test_val_cyc_sim_gm_prior": 0.3136060037013719,
    "final/test_val_cyc_sim_prior": 0.5511145827694413,
    "final/test_val_cyc_sim_iv_post": 0.2143403572983785,
    "final/test_val_cyc_sim_gm_post": 0.2878921977598519,
    "final/test_val_cyc_meas_iv": 0.013828315772116184,
    "final/test_val_cyc_meas_gm": 0.007992065511643887,
    "final/test_val_cyc_meas": 0.02182038128376007,
    "final/test_val_prior_l2_prior": 0.2820108884555751,
    "final/test_val_prior_bnd_prior": 3.728116683900835e-06,
    "final/test_val_total_prior": 6.378134541166758
  }
}