{
  "hparams": {
    "tag": "final"
  },
  "metrics": {
    "final/test_val_sup_post": 0.5931674969549559,
    "final/test_val_cyc_sim_post": 0.06132569250105055,
    "final/test_val_prior_l2_post": 0.35937537994318636,
    "final/test_val_prior_bnd_post": 1.931831562120458e-06,
    "final/test_val_kl": 0.005619267990525294,
    "final/test_val_total_post": 0.671475941149248,
    "final/test_val_sup_prior": 0.5897925995314315,
    "final/test_val_cyc_sim_prior": 0.023791827507372323,
    "final/test_val_cyc_meas": 0.0854356586933136,
    "final/test_val_prior_l2_prior": 0.3589255337946043,
    "final/test_val_prior_bnd_prior": 1.4985992675948273e-06,
    "final/test_val_total_prior": 0.690280579328673
  }
}