{
  "hparams": {
    "tag": "final"
  },
  "metrics": {
    "final/test_val_sup_post": 0.5712285722040767,
    "final/test_val_cyc_sim_post": 0.05539416805699722,
    "final/test_val_prior_l2_post": 0.3863353817570474,
    "final/test_val_prior_bnd_post": 6.678241958801536e-06,
    "final/test_val_kl": 0.0054524742537015135,
    "final/test_val_total_post": 0.6426554425755101,
    "final/test_val_sup_prior": 0.5661657847258784,
    "final/test_val_cyc_sim_prior": 0.022164498980096117,
    "final/test_val_cyc_meas": 0.08976424485445023,
    "final/test_val_prior_l2_prior": 0.3784128846927876,
    "final/test_val_prior_bnd_prior": 4.2057014635541325e-06,
    "final/test_val_total_prior": 0.6683587208495863
  }
}