{
  "hparams": {
    "tag": "final"
  },
  "metrics": {
    "final/test_val_sup_post": 0.9589959501528602,
    "final/test_val_cyc_sim_post": 0.20336877186274366,
    "final/test_val_prior_l2_post": 0.9288593104833633,
    "final/test_val_prior_bnd_post": 0.002110561733007716,
    "final/test_val_kl": 1.7562603117140354,
    "final/test_val_total_post": 3.880123523359478,
    "final/test_val_sup_prior": 0.9799090019542313,
    "final/test_val_cyc_sim_iv_prior": 0.07838343053851483,
    "final/test_val_cyc_sim_gm_prior": 0.10455746413759687,
    "final/test_val_cyc_sim_prior": 0.18294089467611171,
    "final/test_val_cyc_sim_iv_post": 0.08718407427623938,
    "final/test_val_cyc_sim_gm_post": 0.11618469804207421,
    "final/test_val_cyc_meas_iv": 0.12427224963903427,
    "final/test_val_cyc_meas_gm": 0.13745629787445068,
    "final/test_val_cyc_meas": 0.26172855496406555,
    "final/test_val_prior_l2_prior": 1.0953613473883055,
    "final/test_val_prior_bnd_prior": 0.001930999163674342,
    "final/test_val_total_prior": 2.846463727677275
  }
}