{
  "hparams": {
    "tag": "final"
  },
  "metrics": {
    "final/test_val_sup_post": 0.6049534895913341,
    "final/test_val_cyc_sim_post": 0.07389099852765592,
    "final/test_val_prior_l2_post": 0.35003810933960494,
    "final/test_val_prior_bnd_post": 1.426055889374657e-06,
    "final/test_val_kl": 0.007350326271900447,
    "final/test_val_total_post": 0.698593138450465,
    "final/test_val_sup_prior": 0.6003748609643926,
    "final/test_val_cyc_sim_prior": 0.026166234436628327,
    "final/test_val_cyc_meas": 0.08606492727994919,
    "final/test_val_prior_l2_prior": 0.34922035047242733,
    "final/test_val_prior_bnd_prior": 1.2137041723792035e-06,
    "final/test_val_total_prior": 0.7041184912581427
  }
}