{
  "hparams": {
    "tag": "final"
  },
  "metrics": {
    "final/test_val_sup_post": 0.8785086895987583,
    "final/test_val_cyc_sim_post": 0.1694478848657823,
    "final/test_val_prior_l2_post": 0.49227644499638973,
    "final/test_val_prior_bnd_post": 8.26471242024241e-05,
    "final/test_val_kl": 2.2535300043699635,
    "final/test_val_total_post": 3.7046761313627687,
    "final/test_val_sup_prior": 0.898792450810509,
    "final/test_val_cyc_sim_iv_prior": 0.07351691606408907,
    "final/test_val_cyc_sim_gm_prior": 0.09357550730156869,
    "final/test_val_cyc_sim_prior": 0.16709242362002177,
    "final/test_val_cyc_sim_iv_post": 0.0759900418829503,
    "final/test_val_cyc_sim_gm_post": 0.09345784336437804,
    "final/test_val_cyc_meas_iv": 0.08276601135730743,
    "final/test_val_cyc_meas_gm": 0.06482500582933426,
    "final/test_val_cyc_meas": 0.1475910246372223,
    "final/test_val_prior_l2_prior": 0.5594470381991119,
    "final/test_val_prior_bnd_prior": 0.00013670397064900045,
    "final/test_val_total_prior": 2.590071626896146
  }
}