VOFF,U0,NS0ACCS,NFACTOR,ETA0,VSAT,VDSCALE,CDSCD,LAMBDA,MEXPACCD,DELTA,UA,UB,U0ACCS,final_loss
1.7601227760314941,0.19252270460128784,7.5689219096943e+17,0.10000000149011612,0.0653165876865387,90021.78125,0.8860461711883545,0.02268534153699875,0.20000000298023224,10.327465057373047,99.99999237060547,5.11655551260759e-10,5.426692352464843e-18,0.04999999701976776,0.17165851593017578
