{
  "hparams": {
    "tag": "final_mlp"
  },
  "metrics": {
    "val_total_post": 0.2700146986423165,
    "val_sup_post": 0.2700146986423165
  }
}