{
  "hparams": {
    "tag": "final"
  },
  "metrics": {
    "final/test_val_sup_post": 0.8704843934896891,
    "final/test_val_cyc_sim_post": 0.1552395275463905,
    "final/test_val_prior_l2_post": 0.5525550841212058,
    "final/test_val_prior_bnd_post": 9.469776530375551e-05,
    "final/test_val_kl": 3.0343117809791664,
    "final/test_val_total_post": 3.945562057262043,
    "final/test_val_sup_prior": 0.9102167257302728,
    "final/test_val_cyc_sim_iv_prior": 0.06563161751715559,
    "final/test_val_cyc_sim_gm_prior": 0.08057781859448396,
    "final/test_val_cyc_sim_prior": 0.1462094358041174,
    "final/test_val_cyc_sim_iv_post": 0.0703616423394876,
    "final/test_val_cyc_sim_gm_post": 0.08487788405183189,
    "final/test_val_cyc_meas_iv": 0.09287697076797485,
    "final/test_val_cyc_meas_gm": 0.09217426180839539,
    "final/test_val_cyc_meas": 0.18505123257637024,
    "final/test_val_prior_l2_prior": 0.680283113508262,
    "final/test_val_prior_bnd_prior": 0.0006329341744109809,
    "final/test_val_total_prior": 2.3976253675059107
  }
}